{
    "channel": 1,
    "EC_low": [-1.9673388545882876e-05, 0.09075333511283472, 0.26649861566387484],
    "EC_low_err": [8.8471523401692e-06, 0.0069592889198122135, 1.2645172171898833],
    "EC_high": [5.710173415221605e-07, 0.07040798472013454, 9.75489912794925],
    "EC_high_err": [8.335192955633669e-07, 0.007580072226711884, 5.599479884695129],
    "resolution_low": [-0.06129243646766845, 6.700836178688833, 10.134788666641722],
    "resolution_low_err": [null, null, null],
    "resolution_high": [0.0099493077064583, 1.290523243824282e-10, 275.96464648334694],
    "resolution_high_err": [null, null, null]
}