{"channel": 1, "EC_low": [-6.472137506355142e-05, 0.1834306993452953, 2.1577259970641274], "EC_low_err": [1.3740989253660797e-05, 0.005297895426718281, 0.4647469980961137], "EC_high": [-4.068860056408018e-08, 0.1634366456375464, 5.960720808750334], "EC_high_err": [1.4902146916579773e-07, 0.0007638310313243761, 0.3225090495141679], "resolution_low": [-0.07368611501691937, 8.556605972135715, -55.645208612557255], "resolution_low_err": [0.018805315131392584, 1.203562786253905, 17.281898713832327], "resolution_high": [0.004289687300114716, 5.599053538052293, -73.98471080642129], "resolution_high_err": [0.003394695062418431, 1.8407708383666272, 104.58597444511733]}