{"channel": 0, "EC_low": [-3.771000047583909e-05, 0.16929795709099427, 3.1513778738441265], "EC_low_err": [8.552763926547661e-06, 0.003527434061172171, 0.34121398032769795], "EC_high": [-7.175013436340143e-08, 0.15807612861482853, 6.566090502331913], "EC_high_err": [8.894370353946153e-08, 0.0005307933052672299, 0.2343935313463379], "resolution_low": [0.010414076945030005, 2.4501355686368633, 46.74480665095796], "resolution_low_err": [0.003412861611024893, 0.2277230990148891, 3.5948118705150605], "resolution_high": [0.0055029917883525825, 4.928064775223391, -38.50627120669948], "resolution_high_err": [0.003151984039863486, 1.5357705972001792, 86.85334978549223]}