{"channel": 2, "EC_low": [5.224732642127697e-06, 0.17435440213370204, 4.056707701231194], "EC_low_err": [8.453386317336819e-06, 0.002928979101793128, 0.23778779393475183], "EC_high": [-1.5676604346028327e-07, 0.17738098321650303, 6.729941662524274], "EC_high_err": [1.5477467201094333e-07, 0.0006670815989410117, 0.24763218603242396], "resolution_low": [0.04738455390296059, -0.2734737553746371, 95.11078123359063], "resolution_low_err": [0.025762910478861686, 1.6657209402456197, 25.23508853798579], "resolution_high": [0.005074536292248252, 4.972264356100447, -41.25654114806961], "resolution_high_err": [0.0008666428040165762, 1.0940283005692721, 67.2361850825082]}