{"channel": 0, "EC_low": [2.11140951803943e-05, 0.2095995586617862, 3.9262813528029405], "EC_low_err": [0.00010516042805785932, 0.02792819713781454, 1.7588333036480668], "EC_high": [1.5600896854264607e-07, 0.2179669149019865, 7.265050337190043], "EC_high_err": [3.722894641290434e-07, 0.0015321522280001376, 0.669551167811669], "resolution_low": [-0.09992971720178118, 9.683344210839605, -66.55106935466203], "resolution_low_err": [0.03678599304756306, 2.149430994625465, 29.915502562846825], "resolution_high": [0.009989689968497532, 0.9009968597748659, 211.3638319883414], "resolution_high_err": [0.006131316979268204, 3.437910905634377, 194.34691094829955]}