{"channel": 2, "EC_low": [0.00011328809488439926, 0.1814925562252711, 5.660131803535109], "EC_low_err": [9.882930160333024e-05, 0.026923861370232498, 1.7389537612063926], "EC_high": [4.604224556219094e-06, 0.20684021727679766, 9.741264173762698], "EC_high_err": [3.7865776275585464e-06, 0.010108934020770587, 2.4770852359006232], "resolution_low": [0.05641086385533826, -0.265952853911626, 88.48489933174316], "resolution_low_err": [0.053765270544516464, 3.306458701179374, 48.26630898141876], "resolution_high": [0.016827766329837682, -1.3530332401906822, 346.1018494457509], "resolution_high_err": [0.007706001748312394, 4.155776499241426, 233.04094537472827]}