{"channel": 1, "EC_low": [-2.0339366608524733e-05, 0.2037519494987891, 3.35672136927408], "EC_low_err": [8.20214344976097e-05, 0.022617796393207434, 1.4373457843801114], "EC_high": [2.8294273705443123e-07, 0.1981902077004476, 8.285154187266757], "EC_high_err": [4.825986669833081e-07, 0.0016269822955513626, 0.6225180919140372], "resolution_low": [-0.02836191668377127, 5.071442175315239, 2.218458802554343], "resolution_low_err": [0.034394160169683524, 1.993705030330171, 26.805546318856532], "resolution_high": [0.011206699042774012, 0.08884651219096831, 287.96703501870064], "resolution_high_err": [0.0063059552580871665, 3.422454334556312, 192.06950197560505]}