{"channel": 2, "EC_low": [-5.736824682395392e-06, 0.076519043842795, 2.985916308244754], "EC_low_err": [2.974568094918511e-06, 0.002460160743850791, 0.47549265652161055], "EC_high": [3.629748388062333e-07, 0.07014502908130356, 9.124495130842293], "EC_high_err": [6.478298254971285e-07, 0.005968567952347485, 4.456729624069677], "resolution_low": [0.004562441173485392, 2.3130411011874092, 52.6226470395308], "resolution_low_err": [null, null, null], "resolution_high": [0.009364909561803214, 1.4490835198444074e-08, 260.07363468939553], "resolution_high_err": [null, null, null]}