{
    "channel": 0, 
    "EC_low": [-4.049400861507151e-06, 0.06941004757787654, 3.2355145755201957],
    "EC_low_err": [3.858688880625067e-06, 0.003508763633603749, 0.7448670170357671],
    "EC_high": [6.624607874508857e-07, 0.061780965083936684, 11.464346182979904],
    "EC_high_err": [7.859156415631548e-07, 0.007833462828075304, 6.373148617303007],
    "resolution_low": [-0.01320595870821191, 3.5599190510024314, 37.68423540802175],
    "resolution_low_err": [null, null, null],
    "resolution_high": [0.01045201576794177, 5.992983886926595e-13, 260.867696614974],
    "resolution_high_err": [null, null, null]
}