{"channel": 1, "EC_low": [-4.0066257483588046e-08, 0.028221277407796477, 5.9684666440375205], "EC_low_err": [1.235295742832973e-07, 0.0002538711151722018, 0.12170461338002267], "EC_high": [4.3883294025602634e-08, 0.028303488503064796, 9.61632708500032], "EC_high_err": [1.743028497994054e-08, 0.000607262083028742, 1.4895101036832867], "resolution_low": [0.031456310817407296, 1.815418926298662e-10, 100.85254388430543], "resolution_low_err": [null, null, null], "resolution_high": [0.003986346837774546, 3.1861630623926267, 58.655452843034], "resolution_high_err": [null, null, null]}