{"channel": 2, "EC_low": [-2.533343588721056e-07, 0.029645955592991845, 6.940776486504228], "EC_low_err": [2.1711857681053448e-07, 0.000412983941475421, 0.18616960275992542], "EC_high": [5.1240180878604034e-08, 0.029670970023739775, 10.658384308711724], "EC_high_err": [1.7858970859962834e-08, 0.0005896572462016814, 1.3194254212484817], "resolution_low": [0.026131387701036957, 8.732126133281781e-12, 129.20025202482253], "resolution_low_err": [null, null, null], "resolution_high": [0.01060627296763439, 1.1127765375817944e-10, 264.0081537294766], "resolution_high_err": [null, null, null]}