{"channel": 0, "EC_low": [-1.6067374780833017e-06, 0.030815986516057183, 7.193917010020448], "EC_low_err": [5.604820332812698e-07, 0.001081991014872725, 0.48899108483914866], "EC_high": [5.905009126197343e-08, 0.027138095330047417, 14.593751231634776], "EC_high_err": [1.2645038534341706e-08, 0.0004580934343471076, 1.1171114262180504], "resolution_low": [0.024569344743352817, 7.575001736981335e-09, 160.32834710300494], "resolution_low_err": [null, null, null], "resolution_high": [0.0009388101375302771, 5.815905175465467, 7.997862481179396e-07], "resolution_high_err": [null, null, null]}