{"channel": 3, "EC_low": [9.098279002624551e-07, 0.02738010007429422, 8.28525850339304], "EC_low_err": [1.3495077594611527e-06, 0.0025791237949085526, 1.1615970018042066], "EC_high": [6.205581307907511e-08, 0.028394938927824534, 13.673615087355932], "EC_high_err": [1.516030322914922e-08, 0.0004912729212738011, 1.108411085979155], "resolution_low": [0.025535007474682292, 2.167754864501603e-11, 173.1454669306799], "resolution_low_err": [null, null, null], "resolution_high": [0.010426550133687984, 0.4732548849949161, 340.0810749953826], "resolution_high_err": [null, null, null]}