{"channel": 3, "EC_low": [-3.745123691538851e-05, 0.15782441586183463, 2.384965344836015], "EC_low_err": [9.769462983996511e-06, 0.0047525225710879975, 0.5622596385262247], "EC_high": [1.0406586696484176e-06, 0.14845496656157808, 4.687823672820427], "EC_high_err": [6.997924739241463e-07, 0.003010291402569562, 1.3023166172664093], "resolution_low": [-0.15877031312131945, 15.542759415799694, -166.02812420035912], "resolution_low_err": [0.025575933507645875, 1.946190347474935, 36.23775006517918], "resolution_high": [0.0073504637390439925, 4.581165637218679, 18.906627825824884], "resolution_high_err": [0.003740601286730686, 1.3129960943164543, 73.32702950440519]}