{"channel": 0, "EC_low": [-4.670123496056398e-05, 0.17680229991734261, 0.017586135110224888], "EC_low_err": [1.7037950495773e-05, 0.007976351693900574, 0.9140640454116845], "EC_high": [1.4479667522751303e-07, 0.15877786507328379, 4.722853446520803], "EC_high_err": [2.2667813236502823e-07, 0.0011608366441759296, 0.5924628481282701], "resolution_low": [-0.08505285621233813, 10.500818689634114, -79.34174304176392], "resolution_low_err": [0.04043058081759366, 3.082021743842455, 57.61577532493618], "resolution_high": [0.0032926363075432338, 5.377255677122859, 16.076632226853178], "resolution_high_err": [0.004885984174069221, 2.152195717311096, 128.0687355747526]}