{"channel": 2, "EC_low": [-6.258708832386245e-05, 0.187200834894533, 0.3911700895550855], "EC_low_err": [7.146957089628933e-06, 0.0031846154590489755, 0.345731847536856], "EC_high": [1.6746249405473028e-07, 0.16544739628241345, 4.770642358452131], "EC_high_err": [3.474512986462131e-07, 0.0016911255385260206, 0.7832811804321391], "resolution_low": [-0.062028768493554404, 8.705910476783881, -53.947907411033384], "resolution_low_err": [0.022306191807686993, 1.7083117230332963, 32.006258018096595], "resolution_high": [0.004513452520376452, 4.967498467963637, 5.361342099861809], "resolution_high_err": [0.00332901037938687, 1.3168657559537058, 75.64431863896674]}