{"channel": 1, "EC_low": [2.661440753594285e-05, 0.1612549500278822, 3.0449325600069046], "EC_low_err": [4.8718489779091216e-05, 0.02070203444517361, 2.1569697841232465], "EC_high": [1.5713022618237058e-06, 0.17288982829936128, 5.936569737655953], "EC_high_err": [1.288866426135066e-06, 0.004751314706682602, 1.6444111259758811], "resolution_low": [-0.02586528905918145, 6.026686272663405, 15.988581891288705], "resolution_low_err": [0.04050299904863362, 3.0730199930684603, 57.2447077901089], "resolution_high": [0.008602849268695648, 3.982054828223115, 120.54259402288127], "resolution_high_err": [0.010410096738105223, 3.4789347495168492, 193.63310813010614]}