{"channel": 2, "EC_low": [-7.223405190442061e-07, 0.025168011225249684, 4.951838847230391], "EC_low_err": [3.32183050175211e-07, 0.0008223206695614875, 0.46301881558159863], "EC_high": [7.424256837836429e-08, 0.022454855841844753, 11.572515013952565], "EC_high_err": [5.43576187421383e-09, 0.00022726565117310677, 0.837387288279249], "resolution_low": [0.00048628636085945663, 2.375719210470686, 62.75127537578655], "resolution_low_err": [0.00787852353160678, 0.5328231273385614, 8.403745132700564], "resolution_high": [0.0010579746742211055, 3.8270143538997994, 30.786114427182333], "resolution_high_err": [0.001783955271121753, 1.2252319347452612, 74.65435382995135]}