{"channel": 1, "EC_low": [-7.428857400234159e-07, 0.027415007229796867, 5.686230049885784], "EC_low_err": [1.9052939608994556e-07, 0.00042123748014472057, 0.20827656306541506], "EC_high": [5.062531439408998e-08, 0.02580634468263198, 9.817622724177431], "EC_high_err": [5.658626915920069e-09, 0.0002251774763253759, 0.7580584522131207], "resolution_low": [0.0026281805233974477, 2.16773746872766, 72.17566490130253], "resolution_low_err": [0.012531770801968496, 0.8532577807453022, 13.399687787625338], "resolution_high": [0.0015908142007729183, 3.584106181354321, 41.467692998554476], "resolution_high_err": [0.0014331039155213126, 1.0451251940464281, 64.30556610255682]}