{"channel": 3, "EC_low": [-2.1693860865668963e-08, 0.02705406327609189, 6.546281790478335], "EC_low_err": [2.4835204597164264e-07, 0.0005192086905815967, 0.24212484710355264], "EC_high": [2.9492480750356754e-08, 0.027588360192986456, 8.880839055435743], "EC_high_err": [5.805584676437635e-09, 0.00022299158047557494, 0.7908879240266118], "resolution_low": [0.028195249400385584, 0.17511163272951363, 118.12807967864563], "resolution_low_err": [0.007435945134513357, 0.5067506879460559, 7.999319363915306], "resolution_high": [0.0023470505561841806, 3.069456964763804, 83.965032497431], "resolution_high_err": [0.0013925845162675325, 0.9963081072693155, 60.577449383813594]}