{"channel": 0, "EC_low": [-6.255135392761791e-07, 0.02562990668496381, 5.52887376857011], "EC_low_err": [1.5861124884095786e-07, 0.0003714346943858942, 0.19437730653491986], "EC_high": [4.296231715789965e-08, 0.02436825925327395, 9.361935231461992], "EC_high_err": [5.220863707151052e-09, 0.0002234755418464186, 0.8492459890856089], "resolution_low": [-0.005038714895279073, 2.710867011887537, 49.49848034542529], "resolution_low_err": [0.015619523552088, 1.0489154336914797, 16.24337972515317], "resolution_high": [0.0010512622795982897, 3.7080169725016834, 20.334566576445262], "resolution_high_err": [0.0012311705710479834, 0.9155785037978149, 55.98836563784473]}