{
    "channel": 3, 
    "EC_low": [-1.4628107786683898e-06, 0.06614749036870611, 3.3350278018560267], 
    "EC_low_err": [4.89893724582504e-07, 0.0004440523437737329, 0.09248492343682728], 
    "EC_high": [5.294412121777802e-07, 0.060877445764292056, 10.729890023383186], 
    "EC_high_err": [6.360585896415033e-07, 0.0064730641134041755, 5.570175731751129], 
    "resolution_low": [0.037387953844493324, 7.456946171657819e-10, 81.08154518010484], 
    "resolution_low_err": [null, null, null], 
    "resolution_high": [0.009517173860053896, 3.713696017371149e-12, 243.76157878931818], 
    "resolution_high_err": [null, null, null]
}
